City,Cloudiness,Country,Date,Humidity,Lat,Lng,Max Temp,Wind Speed
George Town,20,MY,1623898591,76,5.4112,100.3354,89.53,2.3
Sohag,0,EG,1623898749,35,26.557,31.6948,77.58,9.22
Ushuaia,0,AR,1623898750,75,-54.8,-68.3,33.46,0
New Norfolk,100,AU,1623898750,84,-42.7826,147.0587,54.91,2.42
Great Falls,1,US,1623898481,20,47.5002,-111.3008,73.85,9.22
Kawalu,100,ID,1623898750,83,-7.3817,108.2082,77.56,2.8
Vaini,90,TO,1623898751,94,-21.2,-175.2,75.36,3.44
Bluff,93,NZ,1623898751,72,-46.6,168.3333,46.8,10.87
Tuatapere,70,NZ,1623898751,82,-46.1333,167.6833,46.81,3.71
Qaanaaq,93,GL,1623898752,79,77.484,-69.3632,31.12,3.49
Busselton,0,AU,1623898752,64,-33.65,115.3333,57.04,6.96
Bhit Shah,0,PK,1623898752,59,25.8044,68.4927,86.05,17.49
Broome,53,US,1623898753,81,42.2506,-75.833,53.56,2.04
Chui,100,UY,1623898753,79,-33.6971,-53.4616,51.3,11.16
Belyy Yar,75,RU,1623898753,100,53.6039,91.3903,57.09,4.47
Rikitea,74,PF,1623898754,80,-23.1203,-134.9692,74.19,23.02
Yining,93,CN,1623898754,64,29.0361,114.5636,91.02,4.65
Mehamn,99,NO,1623898754,77,71.0357,27.8492,42.82,25.32
Coquimbo,75,CL,1623898755,87,-29.9533,-71.3436,53.33,2.3
Tasiilaq,97,GL,1623898755,78,65.6145,-37.6368,31.75,2.71
Miyako,94,JP,1623898755,74,39.6367,141.9525,69.1,6.22
Umluj,0,SA,1623898756,64,25.0213,37.2685,79.88,12.06
Hualmay,78,PE,1623898756,83,-11.0964,-77.6139,66.6,10.29
Vostok,100,RU,1623898756,19,46.4856,135.8833,82.02,6.55
Butaritari,22,KI,1623898757,71,3.0707,172.7902,84,11.95
Mahébourg,75,MU,1623898757,94,-20.4081,57.7,70.09,12.66
Geraldton,0,AU,1623898757,67,-28.7667,114.6,61.21,12.66
Lebu,66,CL,1623898757,86,-37.6167,-73.65,51.64,4.74
Asău,53,RO,1623898758,86,46.4333,26.4,62.96,4.92
Hilo,90,US,1623898758,76,19.7297,-155.09,78.53,6.91
San Jose,1,US,1623898537,41,37.3394,-121.895,91.11,1.01
Avera,0,US,1623898758,56,33.194,-82.5271,73.71,4.97
Kapaa,17,US,1623898759,79,22.0752,-159.319,80.58,3
Ahipara,1,NZ,1623898759,72,-35.1667,173.1667,60.98,9.69
Dordrecht,35,NL,1623898583,75,51.81,4.6736,72.09,1.01
Kavieng,100,PG,1623898759,64,-2.5744,150.7967,84.67,4.81
St. George's,20,GD,1623898760,89,12.0564,-61.7485,80.28,13.8
Montrose,46,US,1623898760,18,38.4166,-108.2673,81.81,4.7
Mataura,87,NZ,1623898760,89,-46.1927,168.8643,46.47,2.91
Baculin,11,PH,1623898761,66,7.4525,126.5842,85.73,6.22
Cochrane,1,CA,1623898761,31,51.1834,-114.4687,65.44,33.38
Punta Arenas,0,CL,1623898761,93,-53.15,-70.9167,30.31,5.75
Province of Brindisi,71,IT,1623898762,56,40.5833,17.6667,67.5,2.71
Yabēlo,100,ET,1623898762,83,4.8833,38.0833,55.69,9.01
College,75,US,1623898762,64,64.8569,-147.8028,71.92,13.8
Khovd,1,MN,1623898762,37,48.0056,91.6419,63.68,4.79
Janaúba,13,BR,1623898763,47,-15.8025,-43.3089,68.92,4.45
Yellowknife,75,CA,1623898763,55,62.456,-114.3525,59.52,19.57
Anáhuac,4,MX,1623898764,54,27.2333,-100.15,83.16,4.05
Albany,16,US,1623898372,67,42.6001,-73.9662,59.65,7.09
Barrow,52,US,1623898764,62,71.2906,-156.7887,47.75,10.38
Redmond,0,US,1623898684,60,47.674,-122.1215,71.2,1.01
Bredasdorp,3,ZA,1623898764,77,-34.5322,20.0403,56.52,8.05
Airai,91,TL,1623898765,48,-8.9266,125.4092,72.7,3.76
Bonnyville,21,CA,1623898765,65,54.2668,-110.735,67.8,12.41
Dourados,95,BR,1623898567,68,-22.2211,-54.8056,62.08,7.34
Berlevåg,85,NO,1623898766,76,70.8578,29.0864,42.96,25.75
Husavik,100,IS,1623898766,81,66.0449,-17.3389,37.31,6.55
Arraial do Cabo,48,BR,1623898766,73,-22.9661,-42.0278,70.43,14.09
Okhotsk,37,RU,1623898767,79,59.3833,143.3,55.78,7.45
Port Alfred,6,ZA,1623898767,82,-33.5906,26.891,58.62,9.31
Bengkulu,61,ID,1623898767,69,-3.8004,102.2655,82.83,2.39
‘Ewa Beach,36,US,1623898768,63,21.3156,-158.0072,82.02,10.47
Marsá Maţrūḩ,0,EG,1623898768,65,31.3525,27.2453,68.23,5.44
Linxi,83,CN,1623898768,33,39.7,118.4333,80.29,8.63
Quatre Cocos,67,MU,1623898508,78,-20.2078,57.7625,69.91,15.79
Jamestown,50,US,1623898769,91,42.097,-79.2353,54.72,3.87
Torbay,90,CA,1623898769,97,47.6666,-52.7314,61.57,14.97
Saskylakh,87,RU,1623898769,58,71.9167,114.0833,65.08,2.13
Hong Kong,82,HK,1623898770,74,22.2855,114.1577,90.32,8.99
Clyde River,90,CA,1623898770,87,70.4692,-68.5914,39.43,3.44
Avarua,29,CK,1623898770,80,-21.2078,-159.775,76.71,21.45
Bowen,23,AU,1623898771,78,-20.0167,148.2333,75.42,8.7
Saint Paul Harbor,90,US,1623898771,93,57.79,-152.4072,47.71,8.05
Morondava,0,MG,1623898771,64,-20.2833,44.2833,67.73,5.23
Lagoa,100,PT,1623898772,84,39.05,-27.9833,63.75,23.02
Bahawalpur,68,PK,1623898772,38,29.4,71.6833,93.81,6.35
Epe,97,NG,1623898772,88,6.5841,3.9834,76.77,5.39
Cape Town,75,ZA,1623898710,91,-33.9258,18.4232,59.11,5.75
Moroni,37,KM,1623898773,69,-11.7022,43.2551,75.24,5.77
Cravo Norte,99,CO,1623898773,90,6.3017,-70.2041,75.79,2.82
Totness,98,SR,1623898773,89,5.8833,-56.3167,77.41,8.37
Alice Springs,89,AU,1623898773,31,-23.7,133.8833,60.35,9.22
Thompson,75,CA,1623898774,82,55.7435,-97.8558,64.56,16.11
Bekhtery,100,UA,1623898774,78,46.251,32.2927,61.23,9.8
Karymskoye,100,RU,1623898774,55,51.6167,114.35,61.43,18.97
Hobart,75,AU,1623898672,96,-42.8794,147.3294,55.27,3
Norman Wells,20,CA,1623898775,35,65.282,-126.8329,71.64,9.22
Port Elizabeth,0,ZA,1623898775,82,-33.918,25.5701,55.69,3.44
São João da Barra,6,BR,1623898776,88,-21.6403,-41.0511,65.77,8.7
‘Āhuimanu,39,US,1623898776,65,21.4447,-157.8378,81.79,11.39
Mar del Plata,40,AR,1623898776,70,-38.0023,-57.5575,46.13,4
Arrondissement de Bressuire,79,FR,1623898777,98,46.9167,-0.5,64.96,8.93
Port Hedland,100,AU,1623898777,34,-20.3167,118.5667,68.05,17.27
Octeville,90,FR,1623898777,64,49.6261,-1.6435,59.02,3.44
Sadovoye,42,RU,1623898778,64,47.7764,44.5089,74.62,16.53
Atuona,25,PF,1623898778,75,-9.8,-139.0333,79.63,22.97
Merbes-le-Château,73,BE,1623898778,75,50.3246,4.1661,71.47,7.31
Provideniya,90,RU,1623898779,81,64.3833,-173.3,44.71,11.18
Sandakan,40,MY,1623898779,66,5.8402,118.1179,87.48,5.99
Walvis Bay,0,NA,1623898779,100,-22.9575,14.5053,55.09,2.3
Takoradze,96,GH,1623898779,87,4.8845,-1.7554,76.82,9.19
Cedar City,98,US,1623898780,25,37.6775,-113.0619,76.08,4.18
Salalah,70,OM,1623898780,87,17.0151,54.0924,81.48,8.43
Mandera,59,KE,1623898780,69,3.9366,41.867,73.99,8.55
Takhli,88,TH,1623898781,60,15.2634,100.3438,90.54,6.87
Kaitangata,100,NZ,1623898781,79,-46.2817,169.8464,46.92,6.35
Havelock,25,US,1623898591,88,34.8791,-76.9013,77.94,2.21
Bandarbeyla,46,SO,1623898782,76,9.4942,50.8122,77.23,25.72
Syracuse,14,IT,1623898561,58,37.0881,15.2792,68.9,4.72
Waitati,100,NZ,1623898782,83,-45.75,170.5667,44.8,6.44
Copiapó,5,CL,1623898782,67,-27.3667,-70.3333,49.69,0.54
Messina,0,IT,1623898484,61,38.1933,15.5497,69.6,1.14
Mount Gambier,99,AU,1623898783,100,-37.8333,140.7667,53.51,8.05
Marau,4,BR,1623898783,91,-28.4492,-52.2,39.65,4.5
Ubari,0,LY,1623898784,19,26.5921,12.7805,77.56,7.16
Caravelas,6,BR,1623898784,77,-17.7125,-39.2481,69.33,2.93
Flinders,0,AU,1623898784,53,-34.5833,150.8552,62.2,10
Matara,100,LK,1623898785,79,5.9485,80.5353,82.67,12.84
Te Anau,71,NZ,1623898785,79,-45.4167,167.7167,45.1,4.05
Tuktoyaktuk,75,CA,1623898785,100,69.4541,-133.0374,41,14.97
Castro,84,BR,1623898786,92,-24.7911,-50.0119,50.83,8.68
Cidreira,99,BR,1623898786,78,-30.1811,-50.2056,52.18,7.67
Temnikov,0,RU,1623898786,80,54.6302,43.2148,57.04,5.57
Portsmouth,99,GB,1623898633,96,50.799,-1.0913,64.9,1.01
Burnie,36,AU,1623898787,70,-41.0667,145.9167,57.16,4.52
Boulsa,84,BF,1623898787,51,12.6675,-0.5758,83.8,10.74
Henties Bay,0,NA,1623898787,88,-22.116,14.2845,54.86,6.58
Wamba,78,NG,1623898788,94,8.9333,8.6,72.5,2.86
Chokurdakh,100,RU,1623898788,84,70.6333,147.9167,41.77,13.31
Hermanus,0,ZA,1623898788,84,-34.4187,19.2345,58.89,7.74
Harboøre,69,DK,1623898789,90,56.6175,8.1807,57.22,12.15
Burhaniye,7,TR,1623898789,84,39.5004,26.9727,63.41,3.18
Port Lincoln,80,AU,1623898789,64,-34.7333,135.8667,58.21,18.86
Kathmandu,75,NP,1623898555,94,27.7167,85.3167,71.82,0
Honiara,19,SB,1623898790,65,-9.4333,159.95,86.54,6.11
De Aar,6,ZA,1623898790,60,-30.6497,24.0123,44.69,2.35
Ashquelon,40,IL,1623898790,64,31.6693,34.5715,70.41,4.83
Isangel,75,VU,1623898791,83,-19.55,169.2667,80.71,0
Sola,100,VU,1623898791,76,-13.8833,167.55,81.46,13.85
Rawson,4,AR,1623898791,52,-43.3002,-65.1023,40.24,6.08
East London,40,ZA,1623898792,75,-33.0153,27.9116,61,6.46
Morant Bay,82,JM,1623898792,86,17.8815,-76.4093,83.82,7.45
Toccoa,1,US,1623898792,71,34.5773,-83.3324,73.81,0
Charlestown,2,AU,1623898793,51,-32.95,151.6667,66.69,7
Sobolevo,1,RU,1623898793,83,54.4299,31.8996,54.32,5.46
Khandyga,0,RU,1623898793,19,62.6667,135.6,74.8,10.36
Port Macquarie,0,AU,1623898794,34,-31.4333,152.9167,68.9,10.78
Russell,5,US,1623898794,60,32.3502,-85.1999,73.15,4.81
Muravlenko,95,RU,1623898794,46,63.7898,74.523,60.89,10.45
Cabo San Lucas,7,MX,1623898578,71,22.8909,-109.9124,92.52,20.62
Mugan,100,CN,1623898795,77,35.9404,101.3842,52.57,2.08
Kahului,54,US,1623898795,81,20.8947,-156.47,81.97,15.01
Upernavik,26,GL,1623898795,91,72.7868,-56.1549,33.89,4.05
San Patricio,0,US,1623898796,76,28.017,-97.5169,84.83,6.85
Izačić,0,BA,1623898796,79,44.875,15.7819,53.55,2.15
Berdigestyakh,100,RU,1623898796,34,62.0989,126.6992,77.43,2.68
Eureka,4,US,1623898796,76,40.8021,-124.1637,62.58,7
Severo-Kuril'sk,56,RU,1623898797,72,50.6789,156.125,50.94,9.15
Araouane,0,ML,1623898797,13,18.9048,-3.5265,89.15,0.38
Kavaratti,67,IN,1623898797,81,10.5669,72.642,83.21,24.32
Nikolskoye,72,RU,1623898798,63,59.7035,30.7861,59.81,4.61
Atbasar,10,KZ,1623898798,32,51.8,68.3333,81.55,5.19
Tiksi,46,RU,1623898576,73,71.6872,128.8694,47.8,11.41
Tevaitoa,97,PF,1623898798,78,-16.7833,-151.5,80.24,20.71
Pevek,96,RU,1623898799,90,69.7008,170.3133,32.76,13.67
Manokwari,100,ID,1623898799,72,-0.8667,134.0833,81.86,5.28
Saint-Philippe,62,RE,1623898799,83,-21.3585,55.7679,69.39,12.5
Fernandina Beach,90,US,1623898790,92,30.6697,-81.4626,80.2,5.01
Melito di Porto Salvo,96,IT,1623898800,48,37.9222,15.7714,69.94,2.3
Shahe,41,CN,1623898800,33,39.2708,113.5478,67.55,7.72
Saldanha,4,ZA,1623898800,88,-33.0117,17.9442,53.65,6.6
Corralillo,100,CU,1623898801,86,22.9819,-80.5856,77.99,12.17
Khatanga,70,RU,1623898801,64,71.9667,102.5,62.35,10.83
Sur,0,OM,1623898802,42,22.5667,59.5289,92.89,2.04
Mogok,100,MM,1623898803,98,22.9167,96.5,67.41,2.51
Kruisfontein,0,ZA,1623898804,81,-34.0033,24.7314,53.35,5.91
Arevshat,0,AM,1623898804,56,40.0396,44.5418,67.05,0
Karratha,100,AU,1623898805,30,-20.7377,116.8463,70.81,24.61
Longyearbyen,40,SJ,1623898806,75,78.2186,15.6401,37.24,10.36
Puerto Ayora,33,EC,1623898808,89,-0.7393,-90.3518,73.99,4
Coyhaique,1,CL,1623898808,71,-45.5752,-72.0662,30.96,2.39
Lorengau,93,PG,1623898810,66,-2.0226,147.2712,84.94,6.8
Kānkon,100,IN,1623898810,81,15.0167,74.0167,81.07,17.6
Tawao,56,MY,1623898811,73,4.2498,117.8871,83.19,3.76
Boma,63,GH,1623898811,97,7.0805,-2.1697,69.1,2.39
Puebloviejo,95,CO,1623898811,74,10.9938,-74.2844,86.11,5.93
Ribeira Grande,100,PT,1623898812,91,38.5167,-28.7,65.43,24
Katsuura,99,JP,1623898812,65,35.1333,140.3,79.23,18.28
Nome,57,US,1623898812,62,64.5011,-165.4064,62.17,8.68
Saint-Leu,15,RE,1623898813,92,-21.15,55.2833,68.86,10.8
Yumen,99,CN,1623898813,12,40.2833,97.2,73.78,18.39
Katangli,5,RU,1623898813,59,51.7102,143.2326,71.42,8.72
Cayenne,40,GF,1623898807,94,4.9333,-52.3333,78.01,2.3
Lichuan,100,CN,1623898814,69,30.3,108.85,80.38,5.59
Novichikha,96,RU,1623898814,45,52.204,81.3877,76.01,8.55
Laas,29,IT,1623898815,94,46.6166,10.7002,61.36,1.95
Gouyave,100,GD,1623898815,85,12.1646,-61.7296,77.99,12.3
Ponta do Sol,22,PT,1623898815,76,32.6667,-17.1,67.71,9.4
Ono,70,JP,1623898816,58,34.85,134.9333,84.67,0.49
Río Gallegos,21,AR,1623898816,66,-51.6226,-69.2181,33.49,10.58
Puerto Carreño,90,CO,1623898700,88,6.189,-67.4859,76.08,5.01
Pecos,1,US,1623898816,20,31.4229,-103.4932,90.82,13.8
Atar,2,MR,1623898817,19,20.5169,-13.0499,86.95,8.55
Umba,9,RU,1623898817,75,66.6871,34.3429,47.28,8.5
Hofn,100,IS,1623898818,63,64.2539,-15.2082,40.3,21.32
San Quintín,2,MX,1623898818,78,30.4833,-115.95,66.88,3.13
Palmares do Sul,100,BR,1623898818,76,-30.2578,-50.5097,51.91,6.58
Novopskov,98,UA,1623898819,88,49.5464,39.0899,67.12,10.98
Waipawa,45,NZ,1623898819,82,-41.4122,175.5153,54.03,7.31
Nishihara,75,JP,1623898819,89,26.1842,127.7558,83.48,12.66
La Rioja,100,ES,1623898630,83,42.25,-2.5,58.48,3.13
Robertson,90,US,1623898820,76,36.5167,-86.8667,73.4,0
Along,100,IN,1623898820,98,28.1667,94.7667,76.6,1.41
Guánica,6,PR,1623898821,78,17.9716,-66.908,80.94,5.97
Kuril'sk,7,RU,1623898821,77,45.2333,147.8833,51.55,5.86
Dikson,81,RU,1623898822,68,73.5069,80.5464,40.86,23.13
Lanxi,96,CN,1623898822,74,29.2195,119.477,89.08,5.3
Pacific Grove,38,US,1623898822,70,36.6177,-121.9166,88,1.01
Kirakira,80,SB,1623898823,70,-10.4544,161.9205,84.78,10.71
Kamskoye Ustye,1,RU,1623898823,77,55.2016,49.268,60.8,15.77
Saint-Joseph,30,RE,1623898823,82,-21.3667,55.6167,68.38,12.88
Harper,100,LR,1623898824,81,4.375,-7.7169,77.25,4.36
Hithadhoo,99,MV,1623898824,73,-0.6,73.0833,83.91,8.21
Salamiyah,15,SY,1623898824,74,35.0113,37.0532,63.5,12.64
Les Escoumins,71,CA,1623898825,81,48.1111,-69.0236,44.8,11.23
El Dorado,86,US,1623898825,30,38.7666,-120.5177,83.23,1.99
Kalikino,0,RU,1623898825,83,52.9493,39.8269,58.78,8.66
Ilulissat,75,GL,1623898826,81,69.2167,-51.1,37.42,4.61
La Rochelle,90,FR,1623898826,94,46.1667,-1.15,68.07,11.5
Biak,17,ID,1623898826,69,-0.9131,122.8766,82.31,4.38
Esperance,90,AU,1623898827,55,-33.8667,121.9,57.83,5.84
San Juan,21,AR,1623898827,64,-31.5375,-68.5364,38.64,3.62
Mujiayingzi,0,CN,1623898828,23,42.1167,118.7833,73.54,10.07
Bud,23,US,1623898828,68,39.447,-86.1758,70.99,3.4
Huangmei,99,CN,1623898828,65,30.1924,116.025,90.93,2.53
Domoni,15,KM,1623898829,79,-12.2569,44.5319,75.92,10.18
Kabalo,43,CD,1623898829,45,-6.05,26.9167,64.11,4.07
Waingapu,6,ID,1623898830,56,-9.6567,120.2641,84.58,13.04
Yar-Sale,81,RU,1623898830,42,66.8333,70.8333,64.15,16.37
Urussu,63,RU,1623898830,92,54.5981,53.4631,65.26,11.21
Qaqortoq,100,GL,1623898831,81,60.7167,-46.0333,39.7,0.65
Progreso,100,MX,1623898831,91,21.2833,-89.6667,75.31,8.1
Pisco,68,PE,1623898831,88,-13.7,-76.2167,63.01,2.13
Desbiens,100,CA,1623898832,91,48.4178,-71.9495,52.45,16.75
Grindavik,0,IS,1623898832,75,63.8424,-22.4338,39.67,14.97
Crossville,0,US,1623898833,88,35.949,-85.0269,65.25,4.07
Sambava,74,MG,1623898833,79,-14.2667,50.1667,69.71,11.3
Constitución,3,CL,1623898556,85,-35.3333,-72.4167,53.53,3.09
Rafai,100,CF,1623898833,99,4.95,23.9167,68.05,4.85
Presidencia Roque Sáenz Peña,100,AR,1623898834,61,-26.7852,-60.4388,50.38,6.85
Bonavista,100,CA,1623898834,100,48.6499,-53.1147,47.75,6.24
Sinop Province,100,TR,1623898834,94,41.7711,34.8709,56.21,3.47
Dunedin,100,NZ,1623898726,83,-45.8742,170.5036,44.8,4
Alofi,58,NU,1623898835,80,-19.0595,-169.9187,78.15,14.03
Ustyuzhna,25,RU,1623898835,64,58.8394,36.4321,53.76,4.16
Tabuk,71,PH,1623898836,54,17.4189,121.4443,91.85,3.49
Cherskiy,100,RU,1623898836,54,68.75,161.3,47.73,3.69
Lavrentiya,77,RU,1623898837,85,65.5833,-171,41.92,5.93
Jalu,0,LY,1623898837,32,29.0331,21.5482,76.08,7.31
Conway,54,US,1623898822,65,35.0887,-92.4421,82.24,8.05
Ban Tak,97,TH,1623898838,81,17.0432,99.0813,78.91,4.07
Hanting,100,CN,1623898838,92,36.7708,119.2108,68.95,9.24
La Ronge,90,CA,1623898838,43,55.1001,-105.2842,63.81,15.46
Kaa-Khem,98,RU,1623898839,64,51.6833,94.7333,57.74,1.48
Tigil',100,RU,1623898839,87,57.8,158.6667,49.95,6.89
Kalmunai,95,LK,1623898840,58,7.4167,81.8167,85.75,3.06
Praia,24,CV,1623898840,84,14.9215,-23.5087,71.11,10.38
Esmeraldas,1,BR,1623898840,59,-19.7625,-44.3139,58.51,3.27
Goma,100,CD,1623898841,88,-1.6792,29.2228,61.72,3.67
Chernyshevskiy,17,RU,1623898841,35,63.0128,112.4714,72.5,4.43
Bonfim,100,BR,1623898841,95,3.0833,-59.95,74.32,2.3
Assiut,0,EG,1623898842,41,27.181,31.1837,75.43,10.58
Faanui,99,PF,1623898842,77,-16.4833,-151.75,80.22,20.33
Gold Coast,0,AU,1623898720,44,-28,153.4333,76.24,5.99
Piet Retief,0,ZA,1623898843,50,-27.0071,30.8132,45.59,5.3
Fortuna,1,US,1623898843,69,40.5982,-124.1573,62.33,3
Egvekinot,100,RU,1623898843,85,66.3167,-179.1667,37.24,7.92
Shenkursk,55,RU,1623898844,65,62.1091,42.896,53.8,10
Acaraú,19,BR,1623898844,84,-2.8856,-40.12,77.34,9.13
Srīvardhan,99,IN,1623898844,81,18.0333,73.0167,82,12.55
Santa Cruz,3,MA,1623898574,87,30.4202,-9.5982,68.45,1.74
Itamaracá,21,BR,1623898845,89,-7.7478,-34.8256,73.45,7.94
Vanavara,11,RU,1623898845,34,60.34,102.2797,72.82,3.91
Strelka,59,RU,1623898846,54,58.0728,93.0344,69.55,7.38
Sistranda,100,NO,1623898715,93,63.7256,8.834,54.9,4.25
Juneau,61,US,1623898792,82,58.3019,-134.4197,59.85,2.59
Port-Cartier,100,CA,1623898846,98,50.0334,-66.8654,46.74,5.46
Saint George,97,US,1623898630,10,37.1041,-113.5841,106.27,3.51
Tiznit Province,18,MA,1623898847,86,29.5833,-9.5,58.66,3.71
Nanortalik,100,GL,1623898847,87,60.1432,-45.2371,37.09,5.3
Joensuu,0,FI,1623898848,79,62.6012,29.7632,52.29,2.3
Touros,1,BR,1623898848,86,-5.1989,-35.4608,77.04,11.01
Bethel,1,US,1623898848,78,41.3712,-73.414,65.19,5.1
Kilemary,49,RU,1623898848,66,56.7783,46.8659,57.58,4.65
Tual,95,ID,1623898849,80,-5.6667,132.75,80.6,11.83
Shebalino,0,RU,1623898849,44,51.2917,85.6772,71.42,2.37
Kerema,94,PG,1623898850,75,-7.9631,145.7785,82.6,6.71
Deputatsky,17,RU,1623898850,46,69.3,139.9,60.89,26.51
Saint-François,53,FR,1623898850,68,46.4154,3.9054,71.04,4.61
Telchac Pueblo,100,MX,1623898851,97,21.2,-89.2667,75.29,3.58
Kozhevnikovo,95,RU,1623898851,79,56.2589,83.9714,67.78,5.57
Talnakh,92,RU,1623898851,79,69.4865,88.3972,59.18,10.47
Caernarfon,86,GB,1623898852,55,53.1413,-4.2702,54.72,4.61
Vestmannaeyjar,85,IS,1623898852,64,63.4427,-20.2734,41.76,14.72
Sabang,98,ID,1623898852,71,5.8933,95.3214,82.85,14.12
Mana,100,GF,1623898852,91,5.6592,-53.7767,76.89,8.57
Ponta Delgada,75,PT,1623898853,94,37.7333,-25.6667,66.92,6.91
Camocim,8,BR,1623898853,87,-2.9022,-40.8411,76.14,7.2
Kasane,0,BW,1623898854,62,-17.8167,25.15,51.89,3.91
Komsomolets,92,KZ,1623898854,52,53.7453,62.0708,72.86,6.33
Zavoronezhskoye,1,RU,1623898854,86,52.8801,40.5526,59.54,8.59
Sarangani,28,PH,1623898855,73,5.4033,125.4636,83.66,11.86
Nizhniy Odes,6,RU,1623898855,53,63.6445,54.856,48.27,9.44
Sumbe,17,AO,1623898856,87,-11.2061,13.8437,70.61,4.68
Nouadhibou,1,MR,1623898856,85,20.931,-17.0347,66.81,25.97
Klaksvík,43,FO,1623898856,92,62.2266,-6.589,49.12,17.92
Alta Gracia,100,AR,1623898857,89,-31.6529,-64.4283,38.88,2.13
Palmer,5,US,1623898857,72,42.1584,-72.3287,60.51,3.6
Neiafu,100,TO,1623898857,78,-18.65,-173.9833,78.3,10.63
Watsa,100,CD,1623898858,97,3.0372,29.5355,62.87,0.76
Diphu,82,IN,1623898858,76,25.8333,93.4333,84.92,1.63
Thinadhoo,92,MV,1623898858,72,0.5333,72.9333,84.11,7.49
Codrington,95,AU,1623898858,79,-38.2667,141.9667,53.71,7.29
Panabá,100,MX,1623898859,96,21.2833,-88.2667,74.41,7.78
Wajir,68,KE,1623898859,68,1.7471,40.0573,71.82,12.33
Lagos,100,NG,1623898598,87,6.5833,3.75,79.12,4.97
Lindsay,94,US,1623898859,37,36.203,-119.0882,92.77,5.23
Havøysund,100,NO,1623898860,77,70.9963,24.6622,43.68,25.72
Road Town,73,VG,1623898860,82,18.4167,-64.6167,82.2,21.88
Alekseyevsk,82,RU,1623898860,38,57.8406,108.3492,70.57,6.15
Bathsheba,100,BB,1623898861,81,13.2167,-59.5167,80.28,18.99
Lüderitz,53,NA,1623898861,75,-26.6481,15.1594,58.3,3.69
Cabinda,64,AO,1623898862,87,-5.55,12.2,74.75,6.35
Voi,92,KE,1623898862,91,-3.3945,38.563,65.03,6.24
Nizhneangarsk,84,RU,1623898862,77,55.7833,109.55,45.46,4.7
Kamenz,15,DE,1623898863,82,51.268,14.0937,68.74,7.07
Natchez,1,US,1623898863,57,31.5604,-91.4032,80.04,4.61
Wajid,95,SO,1623898864,88,3.8093,43.2471,69.49,16.64
Pangnirtung,100,CA,1623898864,94,66.1451,-65.7125,34.84,1.48
Menongue,4,AO,1623898864,48,-14.6585,17.691,46.65,2.51
Mwandiga,90,TZ,1623898865,73,-4.83,29.6581,69.57,3.13
High Level,100,CA,1623898865,97,58.5169,-117.136,46.67,15.52
Itzehoe,94,DE,1623898865,71,53.921,9.5153,69.22,9.13
Puri,100,IN,1623898866,73,19.8,85.85,82.38,12.12
Argir,31,FO,1623898866,92,61.9959,-6.7715,49.17,17.38
Balakhta,100,RU,1623898866,78,55.38,91.6,63.79,6.24
Carnarvon,0,AU,1623898867,42,-24.8667,113.6333,66.45,21.88
Bonthe,31,SL,1623898867,80,7.5264,-12.505,77.94,4.14
Petrokamenskoye,100,RU,1623898867,77,57.716,60.6484,67.5,10.87
Pochutla,100,MX,1623898868,94,15.7432,-96.4661,73.81,4.92
Souillac,100,MU,1623898868,75,-20.5167,57.5167,69.37,14.58
Petropavlovsk-Kamchatskiy,0,RU,1623898868,42,53.0452,158.6483,66.79,11.18
Lompoc,1,US,1623898869,67,34.6391,-120.4579,80.02,4.61
Atambua,46,ID,1623898869,50,-9.1061,124.8925,82.9,1.81
Nambucca Heads,0,AU,1623898869,34,-30.65,153,72.18,12.82
Ambilobe,51,MG,1623898870,84,-13.2,49.05,64.74,3.76
Santa Maria,88,BR,1623898812,81,-29.6842,-53.8069,43.45,2.86
Port Moresby,79,PG,1623898870,74,-9.4431,147.1797,81.88,5.97
Kelvington,0,CA,1623898870,51,52.1667,-103.5343,60.39,18.12
Hasaki,100,JP,1623898871,71,35.7333,140.8333,79.18,16.15
Kalabo,4,ZM,1623898871,52,-14.97,22.6814,49.84,4.85
Iqaluit,98,CA,1623898871,69,63.7506,-68.5145,36.7,11.99
Sânpaul,75,RO,1623898872,94,46.45,24.35,55.69,1.14
Polonnaruwa,100,LK,1623898872,58,7.9333,81,85.6,16.64
São Filipe,30,CV,1623898872,84,14.8961,-24.4956,72.36,2.39
Yanam,100,IN,1623898872,57,16.7333,82.2167,86.4,10.07
Corner Brook,100,CA,1623898873,99,48.9667,-57.9484,58.21,3.29
Herat Province,0,AF,1623898873,14,34.5,62,77.18,24.49
Tura,60,IN,1623898873,73,25.5198,90.2201,81.88,6.64
Qandala,95,SO,1623898874,47,11.472,49.8728,89.76,5.79
Gornyak,35,RU,1623898874,46,50.9942,81.4661,73.44,3.42
Malbork,2,PL,1623898874,84,54.0359,19.0266,55.89,6.51
Richards Bay,91,ZA,1623898875,50,-28.783,32.0377,63.16,5.66
Bogatyr',0,RU,1623898875,77,53.4298,49.9455,68.49,15.66
Altay,86,CN,1623898875,30,47.8667,88.1167,74.03,5.08
Laguna,1,US,1623898875,14,38.421,-121.4238,93.76,5.75
Destin,1,US,1623898876,63,30.3935,-86.4958,82.96,5.99
Puro,5,PH,1623898876,62,12.4841,123.3827,88.92,4.21
Vila,98,PT,1623898877,89,42.0304,-8.1588,55.71,2.13
Bagdarin,97,RU,1623898877,43,54.4333,113.6,61.9,13
Hay River,100,CA,1623898877,98,60.8156,-115.7999,41.83,17.67
Vad,2,RU,1623898877,76,55.5301,44.2114,56.89,5.93
Grand Gaube,13,MU,1623898878,86,-20.0064,57.6608,69.39,4
Morros,100,BR,1623898878,47,-9.4467,-46.3003,77.92,4
Redlands,100,US,1623898787,42,34.0556,-117.1825,98.55,1.99
Viedma,100,AR,1623898830,53,-40.8135,-62.9967,43.07,3.06
Tiszanána,0,HU,1623898879,87,47.5667,20.5333,60.82,7.11
Kulu,0,TR,1623898879,84,39.0951,33.0799,51.57,8.59
Scarborough,100,GB,1623898879,85,54.2797,-0.4044,62.53,6.67
Beringovskiy,97,RU,1623898880,78,63.05,179.3167,43.14,16.51
Zyryanka,54,RU,1623898880,33,65.75,150.85,55.18,15.17
Barra do Bugres,89,BR,1623898880,59,-15.0725,-57.1811,69.51,3.42
Vitré,100,FR,1623898881,97,48.1178,-1.2058,66.02,1.19
Ibrā’,2,OM,1623898881,12,22.6906,58.5334,97.84,3
Bilma,0,NE,1623898881,20,18.6853,12.9164,86.83,1.12
Cotonou,20,BJ,1623898603,78,6.3654,2.4183,82.38,10.36
Caxito,29,AO,1623898882,97,-8.5785,13.6643,66.06,2.42
Ermioni,31,GR,1623898882,59,37.3869,23.2442,65.44,2.04
Santa Cruz de la Sierra,100,BO,1623898883,66,-17.8,-63.1667,59.34,13.33
Arvika,52,SE,1623898883,91,59.6553,12.5852,54.3,3.83
Bontang,17,ID,1623898883,72,0.1333,117.5,83.73,4.25
Kaniama,8,CD,1623898883,40,-7.5667,24.1833,59.34,5.08
Edson,94,CA,1623898865,36,53.5835,-116.4356,59.14,17.58
Buraidah,0,SA,1623898884,14,26.326,43.975,82.22,8.25
Bosaso,94,SO,1623898884,39,11.2842,49.1816,90.63,10.11
Sawtell,0,AU,1623898885,40,-30.3833,153.1,72.19,10.36
Ayan,97,RU,1623898885,88,56.45,138.1667,47.61,2.62
Dingle,7,PH,1623898885,63,10.9995,122.6711,88.81,3.78
Champerico,100,GT,1623898885,85,14.3,-91.9167,82.35,8.63
Cururupu,3,BR,1623898768,97,-1.8283,-44.8683,72.93,2.26
Solnechnyy,98,RU,1623898886,36,50.7214,136.6319,83.95,11.52
Jaitāran,7,IN,1623898886,52,26.2031,73.9364,89.78,13.91
Arrondissement de Bastia,75,FR,1623898887,91,42.6667,9.3333,71.29,3.44
Honggang,0,CN,1623898887,39,46.4667,124.8667,71.51,18.66
Lokoja,98,NG,1623898887,95,7.8024,6.743,74.23,4.47
Talcahuano,4,CL,1623898888,79,-36.7167,-73.1167,52.29,4.83
Sørland,100,NO,1623898888,77,67.667,12.6934,47.61,18.23
Sorong,78,ID,1623898888,72,-0.8833,131.25,82.13,3.6
Borazjan,0,IR,1623898889,29,29.2666,51.2159,88.7,1.86
Vanimo,31,PG,1623898889,74,-2.6741,141.3028,82.6,5.55
Bayeux,9,BR,1623898889,94,-7.125,-34.9322,73.04,8.12
Beni,100,CD,1623898842,97,0.5,29.4667,61.12,1.86
Rāvar,0,IR,1623898890,11,31.2656,56.8055,81.16,2.51
Lichinga,2,MZ,1623898890,76,-13.3128,35.2406,51.73,3.91
Wanning,58,CN,1623898890,63,18.8003,110.3967,89.65,11.48
Rocha,100,UY,1623898887,65,-34.4833,-54.3333,50,8.59
Mountain Home,3,US,1623898891,25,43.133,-115.6912,74.1,12.03
Téra,99,NE,1623898891,43,14.0078,0.7531,86.27,12.33
Black River,46,JM,1623898892,83,18.0264,-77.8487,80.98,6.6
Kitgum,100,UG,1623898892,96,3.2783,32.8867,62.83,1.54
Bubaque,29,GW,1623898892,84,11.2833,-15.8333,80.58,10.22
Boca do Acre,99,BR,1623898892,76,-8.7522,-67.3978,75.42,0.4
Vertientes,100,CU,1623898893,93,21.2594,-78.1464,76.37,6.08
Paralímni,0,CY,1623898893,78,35.0375,33.9833,68.49,1.99
Vila Praia de Âncora,96,PT,1623898893,97,41.811,-8.8526,66.49,5.03
North Bend,0,US,1623898894,79,43.4065,-124.2243,63.86,1.01
Mbandaka,83,CD,1623898894,87,0.0487,18.2603,70.75,4.07
Arrondissement de Pontarlier,87,FR,1623898894,74,46.8333,6.25,61.16,3.51
Boueni,13,YT,1623898895,68,-12.9025,45.0761,78.78,18.48
Muros,100,ES,1623898895,85,42.7762,-9.0603,65.16,6.58
Swift Current,87,CA,1623898895,35,50.2834,-107.8014,65.03,9.13
Narsaq,96,GL,1623898896,80,60.9167,-46.05,39.42,1.77
Rapid Valley,1,US,1623898896,41,44.0625,-103.1463,77.2,12.66
Muaná,37,BR,1623898897,95,-1.5283,-49.2167,73.71,4.41
Adrar,28,MR,1623898897,16,20.5022,-10.0711,89.98,15.66
Vardø,17,NO,1623898897,71,70.3705,31.1107,43,22.46
Aljezur,80,PT,1623898897,91,37.3191,-8.8033,64.04,3.18
Aksu,44,CN,1623898898,22,41.1231,80.2644,76.12,8.03
Mossamedes,7,AO,1623898898,71,-15.1961,12.1522,65.75,8.37
Tazovsky,27,RU,1623898898,44,67.4667,78.7,51.85,5.14
Aklavik,100,CA,1623898899,49,68.2191,-135.0107,53.15,14.99
Guatire,98,VE,1623898841,98,10.4762,-66.5427,75.7,1.86
Semnan,0,IR,1623898899,24,35.5729,53.3971,81.07,2.01
Ol'ga,100,RU,1623898899,71,43.7444,135.2892,65.46,7.81
Port-Gentil,92,GA,1623898900,82,-0.7193,8.7815,77.67,12.3
Key West,100,US,1623898687,77,24.5557,-81.7826,79,13.62
Neftçala,0,AZ,1623898900,69,39.3742,49.2472,78.12,10.92
Carutapera,4,BR,1623898901,91,-1.195,-46.02,75.25,5.53
Omsukchan,100,RU,1623898901,100,62.5333,155.8,34.48,9.62
Aswān,0,EG,1623898901,27,24.0934,32.907,80.35,12.17
Ukiah,100,US,1623898902,43,39.1502,-123.2078,86.65,4.34
São Sebastião,72,BR,1623898902,92,-23.76,-45.4097,63.36,4.21
Noumea,25,NC,1623898804,99,-22.2763,166.4572,80.58,9.22
Villa Unión,59,MX,1623898902,77,23.2,-106.2333,85.01,5.57
Namatanai,72,PG,1623898903,68,-3.6667,152.4333,83.98,3.71
Alzamay,60,RU,1623898903,37,55.5562,98.6644,71.2,1.7
Olinda,40,BR,1623898903,83,-8.0089,-34.8553,73.13,6.91
Sena Madureira,100,BR,1623898904,73,-9.0656,-68.6569,76.75,0.58
Mae Sai,91,TH,1623898904,93,20.4335,99.8762,82.44,3.69
Nabire,57,ID,1623898904,68,-3.3667,135.4833,84.24,4.85
Cabedelo,10,BR,1623898905,88,-6.9811,-34.8339,75.63,10.85
Bambous Virieux,86,MU,1623898905,74,-20.3428,57.7575,69.22,16.02
Novoukrayinka,70,UA,1623898905,94,48.3264,31.5285,60.24,8.93
Tochio-honchō,25,JP,1623898906,57,37.4667,139,82.54,1.99
Eyl,93,SO,1623898906,77,7.9803,49.8164,77.04,20.67
Yulara,100,AU,1623898906,38,-25.2406,130.9889,61.74,10.83
Naze,67,JP,1623898907,77,28.3667,129.4833,79.25,8.1
Goderich,31,CA,1623898890,60,43.7501,-81.7165,51.91,4.09
Luan,81,CH,1623898907,62,46.3592,6.9759,62.37,1.99
Tomigusuku,75,JP,1623898907,89,26.185,127.675,83.97,12.66
San Roque,30,ES,1623898908,89,36.2107,-5.3842,62.49,4.21
Zapolyarnyy,75,RU,1623898908,60,69.4154,30.8136,43.88,12.5
San Andrés,100,CO,1623898908,81,12.5847,-81.7006,82.33,15.66
Krasnosel'kup,71,RU,1623898909,71,65.7,82.4667,61.84,8.7
Ketchikan,67,US,1623898909,65,55.3422,-131.6461,57.36,5.48
Jiazi,56,CN,1623898909,72,22.8779,116.067,87.22,14.29
Ternat,35,BE,1623898910,79,50.8667,4.1833,71.51,6.4
Aitape,67,PG,1623898910,75,-3.1374,142.3475,82.69,4.79
Alta Floresta,87,BR,1623898910,64,-9.8756,-56.0861,76.05,1.99
Kuopio,0,FI,1623898900,81,62.8924,27.677,49.95,3.44
Saint-Pierre,75,RE,1623898911,89,-21.3393,55.4781,69.48,14.97
Albury,90,AU,1623898727,95,-36.0833,146.9167,49.91,4.61
Cockburn Town,5,TC,1623898911,84,21.4612,-71.1419,80.35,21.27
Verkhnevilyuysk,100,RU,1623898911,39,63.4453,120.3167,73.4,8.81
Pimentel,96,PE,1623898912,84,-6.8367,-79.9342,66.99,12.3
Wewak,100,PG,1623898912,72,-3.5534,143.6268,82.53,6.46
Ancud,0,CL,1623898912,75,-41.8697,-73.8203,44.22,8.28
Mweka,82,CD,1623898913,49,-4.85,21.5667,61.81,2.3
Guisa,76,CU,1623898913,88,20.255,-76.5386,74.26,4.18
Roebourne,100,AU,1623898913,30,-20.7833,117.1333,70.45,24.67
Punta de Bombón,73,PE,1623898914,84,-17.1717,-71.7931,63.52,5.03
Praia,20,CV,1623898914,83,14.9215,-23.5087,72.14,9.22
Huilong,100,CN,1623898914,90,31.8111,121.655,74.98,11.14
Alūksne,5,LV,1623898915,80,57.4167,27.05,52.7,1.52
Doha,0,QA,1623898809,27,25.2867,51.5333,93.18,14.97
Lawrenceburg,1,US,1623898915,79,38.0373,-84.8966,69.96,0
Severobaykal'sk,57,RU,1623898916,72,55.65,109.3167,49.41,5.32
Kiryat Gat,54,IL,1623898807,67,31.61,34.7642,69.4,3.33
Mount Isa,28,AU,1623898916,23,-20.7333,139.5,73.17,8.05
Gōtsuchō,82,JP,1623898916,83,35,132.2167,72.73,10.76
Los Llanos de Aridane,40,ES,1623898917,85,28.6585,-17.9182,66.13,11.5
San Miguel de Tucumán,100,AR,1623898917,57,-26.8241,-65.2226,43.54,1.59
Bairiki Village,89,KI,1623898917,68,1.3292,172.9752,83.53,13.13
Edinburgh,0,GB,1623898839,88,55.9521,-3.1965,54.16,1.01
Guadalupe Victoria,35,MX,1623898918,19,32.2869,-115.105,99.95,6.44
Kidal,0,ML,1623898918,12,18.4411,1.4078,88.54,6.29
Faya,79,SA,1623898919,36,18.3851,42.4509,67.41,1.07
Helena,0,US,1623898710,27,46.5927,-112.0361,72.16,5.01
Muzhi,100,RU,1623898919,85,65.3667,64.6667,48.09,21.77
Nelson Bay,0,AU,1623898919,52,-32.7167,152.15,63.75,5.99
Padang,29,ID,1623898920,63,-0.9492,100.3543,86.05,2.98
Antofagasta,0,CL,1623898804,77,-23.65,-70.4,60.75,5.82
Ca Mau,83,VN,1623898920,56,9.1769,105.15,90.32,8.12
Coahuayana Viejo,100,MX,1623898920,88,18.7333,-103.6833,82,2.91
Tàrrega,100,ES,1623898921,60,41.647,1.1396,72.32,6.87
Vao,69,NC,1623898921,76,-22.6667,167.4833,71.71,7.02
Luorong,35,CN,1623898921,67,24.4058,109.6086,88.36,10.45
Nikki,99,BJ,1623898922,86,9.9401,3.2108,72.63,2.06
Batagay,8,RU,1623898922,35,67.6333,134.6333,70.32,7.58
Mulegé,0,MX,1623898922,40,26.8833,-111.9833,89.78,2.19
Bolgatanga,71,GH,1623898923,67,10.7856,-0.8514,79.68,7.7
Calabozo,73,VE,1623898923,94,8.9242,-67.4293,73.38,4.43
Antalaha,61,MG,1623898923,85,-14.9003,50.2788,68.47,8.23
Konstantinovka,100,RU,1623898924,90,49.6167,127.9833,63.86,18.25
Moose Factory,31,CA,1623898924,58,51.2585,-80.6094,39.69,4.38
Waddān,0,LY,1623898924,52,29.1614,16.139,72.05,8.72
Singkang,66,MY,1623898925,62,2.1006,102.7994,88.36,2.39
Sitka,75,US,1623898925,62,57.0531,-135.33,57.09,6.91
Ranong,99,TH,1623898925,72,9.9658,98.6348,84.97,8.9
Quelimane,100,MZ,1623898925,74,-17.8786,36.8883,70.92,3.38
Okha,100,RU,1623898926,71,53.5739,142.9478,58.96,8.41
Chu,100,KZ,1623898926,24,43.5983,73.7614,79.16,5.91
Arauco,17,CL,1623898926,86,-37.2463,-73.3175,50.85,4.56
Zhoucun,100,CN,1623898927,86,36.8167,117.8167,71.89,6.06
Kungurtug,5,RU,1623898927,43,50.5994,97.5228,56.35,1.97
Vuktyl,74,RU,1623898928,70,63.8567,57.3094,45.68,13.53
Pavelets,0,RU,1623898928,80,53.7883,39.246,56.12,8.5
Ambanja,82,MG,1623898928,74,-13.6833,48.45,66.49,4.88
Seda,13,LV,1623898928,75,57.65,25.75,54.32,1.68
Hirara,40,JP,1623898929,79,24.8,125.2833,91.67,10.36
Hanzhong,100,CN,1623898929,96,33.0728,107.0303,60.87,2.17
Haimen,48,CN,1623898929,69,23.1935,116.6142,88.14,13.85
Kupang,20,ID,1623898930,58,-10.1667,123.5833,86.58,11.5
Half Moon Bay,1,US,1623898806,73,37.4636,-122.4286,89.19,17.27
Iskateley,3,RU,1623898930,52,67.6803,53.1512,47.39,14.45
Pirayú,96,PY,1623898930,69,-25.4833,-57.2333,54.41,6.58
Yerbogachën,21,RU,1623898931,37,61.2767,108.0108,71.69,5.1
Kargil,78,IN,1623898931,50,34.5667,76.1,47.77,3.53
Luanda,29,AO,1623898820,91,-8.8368,13.2343,69.98,7.45
Ibipeba,88,BR,1623898931,70,-11.6408,-42.0111,71.37,1.86
Tautira,100,PF,1623898932,84,-17.7333,-149.15,80.62,18.61
Aborlan,45,PH,1623898932,63,9.4352,118.5492,87.46,6.98
